<?xml version="1.0" encoding="UTF-8"?>
<beans xmlns="http://www.springframework.org/schema/beans"
       xmlns:xsi="http://www.w3.org/2001/XMLSchema-instance"
       xmlns:context="http://www.springframework.org/schema/context"
       xmlns:mvc="http://www.springframework.org/schema/mvc"
       xsi:schemaLocation="http://www.springframework.org/schema/beans http://www.springframework.org/schema/beans/spring-beans.xsd http://www.springframework.org/schema/context http://www.springframework.org/schema/context/spring-context.xsd http://www.springframework.org/schema/mvc http://www.springframework.org/schema/mvc/spring-mvc.xsd">

<!--    组件扫描-->
    <context:component-scan base-package="com.itheima.controller"/>
<!--    配置处理器映射器和处理器适配器-->
    <context:annotation-config/>
<!--    视图解析器-->
    <bean id="internalResourceViewResolver" class="org.springframework.web.servlet.view.InternalResourceViewResolver">
        <property name="prefix" value="/WEB-INF/pages/"/>
        <property name="suffix" value=".jsp"/>
    </bean>
<!--    释放静态资源-->
    <mvc:default-servlet-handler/>
<!--    代替后面三句-->
<!--    <mvc:resources mapping="/css/**" location="/css"/>-->
<!--    <mvc:resources mapping="/js/**" location="/js"/>-->
<!--    <mvc:resources mapping="/images/**" location="/images"/>-->
    <!--  开启springmvc注解的支持-->
    <mvc:annotation-driven/>
</beans>